Unit,Country,Province,City
,@无数据,@无数据,@无数据
三亚学院,中国,海南,三亚市
三峡大学,中国,湖北,宜昌市
上海中医药大学,中国,上海,上海市
上海交通大学,中国,上海,上海市
上海体育学院,中国,上海,上海市
上海内燃机研究所,中国,上海,上海市
上海化工研究院,中国,上海,上海市
上海卫星工程研究所,中国,上海,上海市
上海发电设备成套设计研究院,中国,上海,上海市
上海国家会计学院,中国,上海,上海市
上海外国语大学,中国,上海,上海市
上海大学,中国,上海,上海市
上海大学悉尼工商学院,中国,上海,上海市
上海对外经贸大学,中国,上海,上海市
上海工程技术大学,中国,上海,上海市
上海市计算技术研究所,中国,上海,上海市
上海师范大学,中国,上海,上海市
上海应用技术大学,中国,上海,上海市
上海技术物理研究所,中国,上海,上海市
上海政法学院,中国,上海,上海市
上海无线电设备研究所,中国,上海,上海市
上海材料研究所,中国,上海,上海市
上海核工程研究设计院,中国,上海,上海市
上海海事大学,中国,上海,上海市
上海海关学院,中国,上海,上海市
上海海洋大学,中国,上海,上海市
上海理工大学,中国,上海,上海市
上海生物制品研究所,中国,上海,上海市
上海电力大学,中国,上海,上海市
上海电机学院,中国,上海,上海市
上海社会科学院,中国,上海,上海市
上海科技大学,中国,上海,上海市
上海空间电源研究所,中国,上海,上海市
上海立信会计金融学院,中国,上海,上海市
上海第二工业大学,中国,上海,上海市
上海船舶设备研究所,中国,上海,上海市
上海船舶运输科学研究所,中国,上海,上海市
上海财经大学,中国,上海,上海市
东京大学,日本,东京都,东京
东北农业大学,中国,黑龙江,哈尔滨市
东北大学,中国,辽宁,沈阳市
东北大学(秦皇岛),中国,河北,秦皇岛市
东北师范大学,中国,吉林,长春市
东北林业大学,中国,黑龙江,哈尔滨市
东北电力大学,中国,吉林,吉林市
东北石油大学,中国,黑龙江,大庆市
东北财经大学,中国,辽宁,大连市
东华大学,中国,上海,上海市
东华理工大学,中国,江西,抚州市
东南大学,中国,江苏,南京市
东莞理工学院,中国,广东,东莞市
中共上海市委党校,中国,上海,上海市
中北大学,中国,山西,太原市
中南大学,中国,湖南,长沙市
中南林业科技大学,中国,湖南,长沙市
中南民族大学,中国,湖北,武汉市
中南财经政法大学,中国,湖北,武汉市
中原工学院,中国,河南,郑州市
中国人民公安大学,中国,北京,北京市
中国人民大学,中国,北京,北京市
中国人民武装警察部队后勤学院,中国,天津,天津市
中国人民武装警察部队工程大学,中国,陕西,西安市
中国人民解放军军事交通学院,中国,天津,天津市
中国人民解放军军事科学院,中国,北京,北京市
中国人民解放军军事经济学院,中国,重庆,重庆市
中国人民解放军军械工程学院,中国,河北,石家庄市
中国人民解放军后勤工程学院,中国,河南,新乡市
中国人民解放军国防大学,中国,北京,北京市
中国人民解放军国防大学联合作战学院,中国,河北,石家庄市
中国人民解放军国防科技大学,中国,湖南,长沙市
中国人民解放军国防科技大学信息通信学院,中国,湖北,武汉市
中国人民解放军国防科技大学电子对抗学院,中国,安徽,合肥市
中国人民解放军国防科技大学西安通信学院,中国,陕西,西安市
中国人民解放军总参第五十八研究所,中国,北京,北京市
中国人民解放军总参第五十六研究所,中国,江苏,无锡市
中国人民解放军战略支援部队信息工程大学,中国,河南,郑州市
中国人民解放军战略支援部队航天工程大学,中国,北京,北京市
中国人民解放军海军军医大学,中国,上海,上海市
中国人民解放军海军大连舰艇学院,中国,辽宁,大连市
中国人民解放军海军工程大学,中国,湖北,武汉市
中国人民解放军海军指挥学院,中国,江苏,南京市
中国人民解放军海军航空大学,中国,山东,烟台市
中国人民解放军海军航空大学(青岛),中国,山东,青岛市
中国人民解放军海军装备研究院,中国,北京,北京市
中国人民解放军火箭军工程大学,中国,陕西,西安市
中国人民解放军炮兵学院(南京),中国,江苏,南京市
中国人民解放军电子工程学院,中国,安徽,合肥市
中国人民解放军空军军医大学,中国,陕西,西安市
中国人民解放军空军勤务学院,中国,江苏,徐州市
中国人民解放军空军哈尔滨飞行学院,中国,黑龙江,哈尔滨
中国人民解放军空军工程大学,中国,陕西,西安市
中国人民解放军空军航空大学,中国,吉林,长春市
中国人民解放军空军预警学院,中国,湖北,武汉市
中国人民解放军蚌埠坦克学院,中国,安徽,蚌埠市
中国人民解放军装备学院,中国,北京,北京市
中国人民解放军防化研究院,中国,北京,北京市
中国人民解放军陆军军医大学,中国,重庆,重庆市
中国人民解放军陆军勤务学院,中国,重庆,重庆市
中国人民解放军陆军工程大学,中国,江苏,南京市
中国人民解放军陆军指挥学院,中国,江苏,南京市
中国人民解放军陆军炮兵防空兵学院,中国,安徽,合肥市
中国人民解放军陆军装甲兵学院,中国,北京,北京市
中国人民解放军陆军防化学院,中国,北京,北京市
中国人民警察大学,中国,北京,北京市
中国传媒大学,中国,北京,北京市
中国兵器科学研究院,中国,北京,北京市
中国兵器科学研究院(中国北方自动控制技术研究所),中国,山西,太原市
中国兵器科学研究院(中国北方车辆研究所),中国,北京,北京市
中国兵器科学研究院(西南自动化研究所),中国,四川,绵阳市
中国农业大学,中国,北京,北京市
中国农业科学院,中国,北京,北京市
中国刑事警察学院,中国,辽宁,沈阳市
中国北方车辆研究所,中国,北京,北京市
中国医科大学,中国,辽宁,沈阳市
中国原子能科学研究院,中国,北京,北京市
中国商飞上海飞机设计研究院,中国,上海,上海市
中国国防科技信息中心,中国,北京,北京市
中国地质大学(北京),中国,北京,北京市
中国地质大学(武汉),中国,湖北,武汉市
中国地质大学长城学院,中国,河北,保定市
中国地震局兰州地震研究所,中国,甘肃,兰州市
中国地震局地球物理研究所,中国,北京,北京市
中国地震局地质研究所,中国,北京,北京市
中国地震局地震研究所,中国,湖北,武汉市
中国地震局地震预测研究所,中国,北京,北京市
中国地震局工程力学研究所,中国,黑龙江,哈尔滨
中国工程物理研究院,中国,北京,北京市
中国工程物理研究院(化工材料研究所),中国,四川,绵阳市
中国工程物理研究院(北京应用物理与计算数学研究所),中国,北京,北京市
中国工程物理研究院(四川计算机应用研究所),中国,四川,绵阳市
中国建筑材料科学研究总院,中国,北京,北京市
中国政法大学,中国,北京,北京市
中国林业科学研究院,中国,北京,北京市
中国核动力研究设计院,中国,四川,成都市
中国民用航空飞行学院,中国,四川,广汉市
中国民航大学,中国,天津,天津市
中国气象科学研究院,中国,北京,北京市
中国测绘科学研究院,中国,北京,北京市
中国海洋大学,中国,山东,青岛市
中国环境科学研究院,中国,北京,北京市
中国电力科学研究院,中国,北京,北京市
中国电子科技集团公司电子科学研究院,中国,北京,北京市
中国电子科技集团公司第十四研究所,中国,江苏,南京市
中国石油勘探开发研究院,中国,北京,北京市
中国石油大学(北京),中国,北京,北京市
中国石油大学(华东),中国,山东,青岛市
中国矿业大学,中国,江苏,徐州市
中国矿业大学(北京),中国,北京,北京市
中国矿业大学(徐州),中国,江苏,徐州市
中国社会科学院大学,中国,北京,北京市
中国科学技术信息研究所,中国,北京,北京市
中国科学技术大学,中国,安徽,合肥市
中国科学院上海光学精密机械研究所,中国,上海,上海市
中国科学院上海天文台,中国,上海,上海市
中国科学院上海应用物理研究所,中国,上海,上海市
中国科学院上海微系统与信息技术研究所,中国,上海,上海市
中国科学院上海技术物理研究所,中国,上海,上海市
中国科学院上海有机化学研究所,中国,上海,上海市
中国科学院上海生命科学研究院,中国,上海,上海市
中国科学院上海硅酸盐研究所,中国,上海,上海市
中国科学院上海高等研究院,中国,上海,上海市
中国科学院信息工程研究所,中国,北京,北京市
中国科学院光电技术研究所,中国,四川,成都市
中国科学院光电研究院,中国,北京,北京市
中国科学院力学研究所,中国,北京,北京市
中国科学院化学研究所,中国,北京,北京市
中国科学院北京基因组研究所,中国,北京,北京市
中国科学院半导体研究所,中国,北京,北京市
中国科学院南京地理与湖泊研究所,中国,江苏,南京市
中国科学院南京天文光学技术研究所,中国,江苏,南京市
中国科学院南海海洋研究所,中国,广东,广州市
中国科学院合肥物质科学研究院,中国,安徽,合肥市
中国科学院国家授时中心,中国,陕西,西安市
中国科学院国家空间科学中心,中国,北京,北京市
中国科学院地理科学与资源研究所,中国,北京,北京市
中国科学院地质与地球物理研究所,中国,北京,北京市
中国科学院声学研究所,中国,北京,北京市
中国科学院声学研究所东海研究站,中国,上海,上海市
中国科学院大学,中国,北京,北京市
中国科学院大学杭州高等研究院,中国,浙江,杭州市
中国科学院大气物理研究所,中国,北京,北京市
中国科学院大连化学物理研究所,中国,辽宁,大连市
中国科学院工程热物理研究所,中国,北京,北京市
中国科学院微电子研究所,中国,北京,北京市
中国科学院成都山地灾害与环境研究所,中国,四川,成都市
中国科学院成都计算机应用研究所,中国,四川,成都市
中国科学院数学与系统科学研究院,中国,北京,北京市
中国科学院植物研究所,中国,北京,北京市
中国科学院武汉岩土力学研究所,中国,湖北,武汉市
中国科学院武汉物理与数学研究所,中国,湖北,武汉市
中国科学院沈阳自动化研究所,中国,辽宁,沈阳市
中国科学院沈阳计算技术研究所,中国,辽宁,沈阳市
中国科学院测量与地球物理研究所,中国,湖北,武汉市
中国科学院深圳先进技术研究院,中国,广东,深圳市
中国科学院渗流流体力学研究所,中国,河北,廊坊市
中国科学院理论物理研究所,中国,北京,北京市
中国科学院电子所,中国,北京,北京市
中国科学院福建物质结构研究所,中国,福建,福州市
中国科学院科技政策与管理科学研究所,中国,北京,北京市
中国科学院空间应用工程与技术中心,中国,北京,北京市
中国科学院紫金山天文台,中国,江苏,南京市
中国科学院网络信息中心,中国,北京,北京市
中国科学院自动化研究所,中国,北京,北京市
中国科学院西安光学精密机械研究所,中国,陕西,西安市
中国科学院计算技术研究所,中国,北京,北京市
中国科学院计算机网络信息中心,中国,北京,北京市
中国科学院软件研究所,中国,北京,北京市
中国科学院近代物理研究所,中国,甘肃,兰州市
中国科学院遗传与发育生物学研究所农业资源研究中心,中国,河北,石家庄市
中国科学院金属研究所,中国,辽宁,沈阳市
中国科学院长春光学精密机械与物理研究所,中国,吉林,长春市
中国科学院青海盐湖研究所,中国,青海,西宁市
中国科学院高能物理研究所,中国,北京,北京市
中国空气动力研究与发展中心,中国,四川,绵阳市
中国空间技术研究院,中国,北京,北京市
中国空间技术研究院510所,中国,甘肃,兰州市
中国航天员科研训练中心,中国,北京,北京市
中国航天科工集团公司061基地,中国,贵州,遵义市
中国航天科工集团公司第三研究院,中国,北京,北京市
中国航天科工集团公司第三研究院(31所),中国,北京,北京市
中国航天科工集团公司第三研究院(33所),中国,北京,北京市
中国航天科工集团公司第三研究院(35所),中国,北京,北京市
中国航天科工集团公司第三研究院(8358所),中国,天津,天津市
中国航天科工集团公司第三研究院(8359所),中国,北京,北京市
中国航天科工集团公司第三研究院(第三总体设计部),中国,北京,北京市
中国航天科工集团公司第二研究院,中国,北京,北京市
中国航天科工集团公司第二研究院(17所),中国,北京,北京市
中国航天科工集团公司第二研究院(206所),中国,北京,北京市
中国航天科工集团公司第二研究院(207所),中国,北京,北京市
中国航天科工集团公司第二研究院(23所),中国,北京,北京市
中国航天科工集团公司第二研究院(25所),中国,北京,北京市
中国航天科工集团公司第二研究院(706所),中国,北京,北京市
中国航天科工集团公司第二研究院(710所),中国,北京,北京市
中国航天科工集团公司第十研究院,中国,贵州,贵阳市
中国航天科技集团公司第一研究院,中国,北京,北京市
中国航天科技集团公司第一研究院(12所),中国,北京,北京市
中国航天科技集团公司第一研究院(14所),中国,北京,北京市
中国航天科技集团公司第一研究院(15所),中国,北京,北京市
中国航天科技集团公司第一研究院(18所),中国,北京,北京市
中国航天科技集团公司第一研究院(703所),中国,北京,北京市
中国航天科技集团公司第一研究院(第一总体设计部),中国,北京,北京市
中国航天科技集团公司第二研究院(第二总体设计部),中国,北京,北京市
中国航天科技集团公司第五研究院,中国,北京,北京市
中国航天科技集团公司第五研究院(511所),中国,北京,北京市
中国航天科技集团公司第八研究院,中国,上海,上海市
中国航天科技集团公司第六研究院(11所),中国,陕西,西安市
中国航天科技集团公司第十一研究院,中国,北京,北京市
中国航天科技集团公司第十二研究院,中国,北京,北京市
中国航天科技集团公司第四研究院,中国,陕西,西安市
中国航天科技集团公司航天时代电子公司(13所),中国,北京,北京市
中国航天科技集团公司航天时代电子公司(704所),中国,北京,北京市
中国航天空气动力技术研究院,中国,北京,北京市
中国航空制造技术研究院,中国,北京,北京市
中国航空研究院,中国,北京,北京市
中国航空研究院601所,中国,辽宁,沈阳市
中国航空研究院602所,中国,江西,景德镇市
中国航空研究院609所,中国,江苏,南京市
中国航空研究院613所,中国,河南,洛阳市
中国航空研究院618所,中国,陕西,西安市
中国航空研究院623所,中国,陕西,西安市
中国航空研究院624所,中国,四川,成都市
中国航空研究院640所,中国,上海,上海市
中国舰船研究设计中心(701所),中国,湖北,武汉市
中国舰船研究院,中国,北京,北京市
中国舰船研究院(上海船舶设备研究所),中国,上海,上海市
中国船舶及海洋工程设计研究院,中国,上海,上海市
中国船舶科学研究中心,中国,江苏,无锡市
中国药科大学,中国,江苏,南京市
中国计量大学,中国,浙江,杭州市
中国计量科学研究院,中国,北京,北京市
中国辐射防护研究院,中国,山西,太原市
中国运载火箭技术研究院,中国,北京,北京市
中国铁道科学研究院,中国,北京,北京市
中国青年政治学院,中国,北京,北京市
中国飞行试验研究院,中国,陕西,西安市
中央民族大学,中国,北京,北京市
中央美术学院,中国,北京,北京市
中央财经大学,中国,北京,北京市
中山大学,中国,广东,广州市
临沂大学,中国,山东,临沂市
云南农业大学,中国,云南,昆明市
云南大学,中国,云南,昆明市
云南师范大学,中国,云南,昆明市
云南民族大学,中国,云南,昆明市
云南财经大学,中国,云南,昆明市
五邑大学,中国,广东,江门市
井冈山大学,中国,江西,井冈山市
亚利桑那州立大学,美国,亚利桑那州,菲尼克斯
伊犁师范大学,中国,新疆,伊犁哈萨克自治州
伦敦大学国王学院,英国,英格兰,伦敦
伦敦大学学院,英国,英格兰,伦敦
佐治亚理工学院,美国,佐治亚州,亚特兰大
佛山大学,中国,广东,佛山市
佳木斯大学,中国,黑龙江,佳木斯市
保定学院,中国,河北,保定市
信阳师范学院,中国,河南,信阳市
元智大学,中国,台湾,桃园市
六盘水师范学院,中国,贵州,六盘水市
兰州交通大学,中国,甘肃,兰州市
兰州城市学院,中国,甘肃,兰州市
兰州大学,中国,甘肃,兰州市
兰州文理学院,中国,甘肃,兰州市
兰州理工大学,中国,甘肃,兰州市
兰州财经大学,中国,甘肃,兰州市
内江师范学院,中国,四川,内江市
内蒙古农业大学,中国,内蒙古,呼和浩特市
内蒙古大学,中国,内蒙古,呼和浩特市
内蒙古工业大学,中国,内蒙古,呼和浩特市
内蒙古师范大学,中国,内蒙古,呼和浩特市
内蒙古民族大学,中国,内蒙古,通辽市
内蒙古科技大学,中国,内蒙古,包头市
内蒙古财经大学,中国,内蒙古,呼和浩特市
凯斯西储大学,美国,俄亥俄州,克利夫兰
加州大学圣克鲁兹分校硅谷学院,美国,加利福尼亚州,圣克拉拉县
北京中医药大学,中国,北京,北京市
北京交通大学,中国,北京,北京市
北京体育大学,中国,北京,北京市
北京信息控制研究所(航天710所),中国,北京,北京市
北京信息科技大学,中国,北京,北京市
北京化工大学,中国,北京,北京市
北京协和医学院,中国,北京,北京市
北京印刷学院,中国,北京,北京市
北京外国语大学,中国,北京,北京市
北京大学,中国,北京,北京市
北京工业大学,中国,北京,北京市
北京工商大学,中国,北京,北京市
北京市环境保护科学研究院,中国,北京,北京市
北京师范(珠海）,中国,广东,珠海市
北京师范大学,中国,北京,北京市
北京师范大学-香港浸会大学联合国际学院,中国,广东,珠海市
北京建筑大学,中国,北京,北京市
北京有色金属研究总院,中国,北京,北京市
北京服装学院,中国,北京,北京市
北京机械工业学院,中国,北京,北京市
北京机电研究所,中国,北京,北京市
北京林业大学,中国,北京,北京市
北京物资学院,中国,北京,北京市
北京理工大学,中国,北京,北京市
北京电子科技学院,中国,北京,北京市
北京石油化工学院,中国,北京,北京市
北京科技大学,中国,北京,北京市
北京科技大学天津学院,中国,天津,天津市
北京空天技术研究所,中国,北京,北京市
北京第二外国语学院,中国,北京,北京市
北京系统工程研究所,中国,北京,北京市
北京联合大学,中国,北京,北京市
北京航空航天大学,中国,北京,北京市
北京语言大学,中国,北京,北京市
北京跟踪与通信技术研究所,中国,北京,北京市
北京邮电大学,中国,北京,北京市
北华大学,中国,吉林,吉林市
北华航天工业学院,中国,河北,廊坊市
北方工业大学,中国,北京,北京市
北方民族大学,中国,宁夏,银川市
匹兹堡大学,美国,宾夕法尼亚州,匹兹堡
华东交通大学,中国,江西,南昌市
华东师范大学,中国,上海,上海市
华东政法大学,中国,上海,上海市
华东理工大学,中国,上海,上海市
华东计算技术研究所,中国,上海,上海市
华中农业大学,中国,湖北,武汉市
华中师范大学,中国,湖北,武汉市
华中科技大学,中国,湖北,武汉市
华侨大学,中国,福建,厦门市
华北水利水电大学,中国,河南,郑州市
华北理工大学,中国,河北,唐山市
华北电力大学,中国,北京,北京市
华北电力大学(保定),中国,河北,保定市
华北科技学院,中国,河北,廊坊市
华北计算机系统工程研究所,中国,北京,北京市
华南农业大学,中国,广东,广州市
华南师范大学,中国,广东,广州市
华南理工大学,中国,广东,广州市
华盛顿大学,美国,华盛顿州,西雅图市
南京中医药大学,中国,江苏,南京市
南京信息工程大学,中国,江苏,南京市
南京农业大学,中国,江苏,南京市
南京医科大学,中国,江苏,南京市
南京大学,中国,江苏,南京市
南京审计大学,中国,江苏,南京市
南京工业大学,中国,江苏,南京市
南京工程学院,中国,江苏,南京市
南京师范大学,中国,江苏,南京市
南京林业大学,中国,江苏,南京市
南京水利科学研究院,中国,江苏,南京市
南京理工大学,中国,江苏,南京市
南京电子技术研究所,中国,江苏,南京市
南京航空航天大学,中国,江苏,南京市
南京财经大学,中国,江苏,南京市
南京邮电大学,中国,江苏,南京市
南加州大学,美国,加利福尼亚州,洛杉矶
南华大学,中国,湖南,衡阳市
南宁师范大学,中国,广西,南宁市
南开大学,中国,天津,天津市
南方医科大学,中国,广东,广州市
南方科技大学,中国,广东,深圳市
南昌大学,中国,江西,南昌市
南昌工学院,中国,江西,南昌市
南昌工程学院,中国,江西,南昌市
南昌航空大学,中国,江西,南昌市
南洋理工大学,新加坡,新加坡,新加坡
南通大学,中国,江苏,南通市
南阳师范学院,中国,河南,南阳市
卡内基梅隆大学,美国,宾夕法尼亚州,匹兹堡
厦门国家会计学院,中国,福建,厦门市
厦门大学,中国,福建,厦门市
厦门理工学院,中国,福建,厦门市
台湾交通大学,中国,台湾,新竹市
台湾大学,中国,台湾,台北市
台湾成功大学,中国,台湾,台南市
合肥大学,中国,安徽,合肥市
合肥工业大学,中国,安徽,合肥市
合肥师范学院,中国,安徽,合肥市
吉林农业大学,中国,吉林,长春市
吉林化工学院,中国,吉林,吉林市
吉林大学,中国,吉林,长春市
吉林师范大学,中国,吉林,四平市
吉林建筑大学,中国,吉林,长春市
吉林财经大学,中国,吉林,长春市
吉首大学,中国,湖南,湘西土家族苗族自治州
同济大学,中国,上海,上海市
吕梁学院,中国,山西,吕梁市
咸阳师范学院,中国,陕西,咸阳市
哈尔滨医科大学,中国,黑龙江,哈尔滨
哈尔滨华德学院,中国,黑龙江,哈尔滨
哈尔滨商业大学,中国,黑龙江,哈尔滨
哈尔滨工业大学,中国,黑龙江,哈尔滨
哈尔滨工业大学(威海校区),中国,山东,威海市
哈尔滨工业大学(深圳),中国,黑龙江,哈尔滨
哈尔滨工程大学,中国,黑龙江,哈尔滨
哈尔滨工程大学烟台研究院,中国,山东,烟台市
哈尔滨师范大学,中国,黑龙江,哈尔滨
哈尔滨理工大学,中国,黑龙江,哈尔滨
哈尔滨船舶锅炉涡轮机研究所,中国,黑龙江,哈尔滨市
哥伦比亚大学,美国,纽约市,曼哈顿
唐山师范学院,中国,河北,唐山市
商务部国际贸易经济合作研究院,中国,北京,北京市
商洛学院,中国,陕西,商洛市
喀什大学,中国,新疆,喀什地区
四川农业大学,中国,四川,成都市
四川大学,中国,四川,成都市
四川大学锦城学院,中国,四川,成都市
四川师范大学,中国,四川,成都市
四川文理学院,中国,四川,达州市
四川省社会科学院,中国,四川,成都市
四川轻化工大学,中国,四川,自贡市
国家海洋技术中心,中国,天津,天津市
国家海洋环境预报中心,中国,北京,北京市
国网电力科学研究院,中国,江苏,南京市
国际关系学院,中国,北京,北京市
塔里木大学,中国,新疆,阿拉尔市
墨尔本大学,澳大利亚,维多利亚州,墨尔本
复旦大学,中国,上海,上海市
外交学院,中国,北京,北京市
大理大学,中国,云南,大理白族自治州
大连东软信息学院,中国,辽宁,大连市
大连交通大学,中国,辽宁,大连市
大连大学,中国,辽宁,大连市
大连工业大学,中国,辽宁,大连市
大连民族大学,中国,辽宁,大连市
大连海事大学,中国,辽宁,大连市
大连海洋大学,中国,辽宁,大连市
大连理工大学,中国,辽宁,大连市
天水师范学院,中国,甘肃,天水市
天津农学院,中国,天津,天津市
天津医科大学,中国,天津,天津市
天津商业大学,中国,天津,天津市
天津城建大学,中国,天津,天津市
天津外国语大学,中国,天津,天津市
天津大学,中国,天津,天津市
天津工业大学,中国,天津,天津市
天津师范大学,中国,天津,天津市
天津理工大学,中国,天津,天津市
天津科技大学,中国,天津,天津市
天津职业技术师范大学,中国,天津,天津市
天津财经大学,中国,天津,天津市
太原工业学院,中国,山西,太原市
太原师范学院,中国,山西,太原市
太原理工大学,中国,山西,太原市
太原科技大学,中国,山西,太原市
奥克兰大学,新西兰,奥克兰市,奥克兰市
宁夏医科大学,中国,宁夏,银川市
宁夏大学,中国,宁夏,银川市
宁夏师范学院,中国,宁夏,固原市
宁波大学,中国,浙江,宁波市
宁波工程学院,中国,浙江,宁波市
安庆师范大学,中国,安徽,安庆市
安徽三联学院,中国,安徽,合肥市
安徽农业大学,中国,安徽,合肥市
安徽医科大学,中国,安徽,合肥市
安徽大学,中国,安徽,合肥市
安徽工业大学,中国,安徽,马鞍山市
安徽工程大学,中国,安徽,芜湖市
安徽师范大学,中国,安徽,芜湖市
安徽建筑大学,中国,安徽,合肥市
安徽文达信息工程学院,中国,安徽,合肥市
安徽理工大学,中国,安徽,淮南市
安徽财经大学,中国,安徽,蚌埠市
安阳工学院,中国,河南,安阳市
安阳师范学院,中国,河南,安阳市
安顺学院,中国,贵州,安顺市
宜春学院,中国,江西,宜春市
宝鸡文理学院,中国,陕西,宝鸡市
宾夕法尼亚州立大学,美国,宾夕法尼亚州,宾夕法尼亚州
宿州学院,中国,安徽,宿州市
密歇根大学,美国,密歇根州,安娜堡
对外经济贸易大学,中国,北京,北京市
对外经贸大学,中国,北京,北京市
山东中医药大学,中国,山东,济南市
山东交通学院,中国,山东,济南市
山东农业大学,中国,山东,泰安市
山东大学,中国,山东,济南市
山东大学(威海),中国,山东,威海市
山东工商学院,中国,山东,烟台市
山东师范大学,中国,山东,济南市
山东建筑大学,中国,山东,济南市
山东理工大学,中国,山东,淄博市
山东科技大学,中国,山东,青岛市
山东航空学院,中国,山东,滨州市
山东财经大学,中国,山东,济南市
山东财经大学燕山学院,中国,山东,济南市
山西农业大学,中国,山西,太原市
山西医科大学,中国,山西,太原市
山西大同大学,中国,山西,大同市
山西大学,中国,山西,太原市
山西工程技术学院,中国,山西,泉阳市
山西师范大学,中国,山西,太原市
山西财经大学,中国,山西,太原市
岭南大学,中国,香港,香港特别行政区
巢湖学院,中国,安徽,合肥市
布里斯托大学,英国,英格兰,布里斯托
帝国理工学院,英国,英格兰,伦敦
常州大学,中国,江苏,常州市
广东商学院,中国,广东,广州市
广东外语外贸大学,中国,广东,广州市
广东工业大学,中国,广东,广州市
广东技术师范大学,中国,广东,广州市
广东海洋大学,中国,广东,湛江市
广东省社会科学院,中国,广东,广州市
广东石油化工学院,中国,广东,茂名市
广东药科大学,中国,广东,广州市
广东财经大学,中国,广东,广州市
广东金融学院,中国,广东,广州市
广州大学,中国,广东,广州市
广西大学,中国,广西,南宁市
广西师范大学,中国,广西,桂林市
广西民族大学,中国,广西,南宁市
广西民族大学相思湖学院,中国,广西,南宁市
广西科技大学,中国,广西,柳州市
康奈尔大学,美国,纽约州,伊萨卡
延安大学,中国,陕西,延安市
延边大学,中国,吉林,延边朝鲜族自治州
徐州医科大学,中国,江苏,徐州市
徐州师范大学,中国,江苏,徐州市
德国卡尔斯鲁厄理工学院,德国,巴登-符腾堡州,卡尔斯鲁厄
德州学院,中国,山东,德州市
悉尼大学,澳大利亚,新南威尔士州,悉尼
惠灵顿维多利亚大学,新西兰,惠灵顿,惠灵顿
慕尼黑工业大学,德国,巴伐利亚州,慕尼黑
成都信息工程大学,中国,四川,成都市
成都大学,中国,四川,成都市
成都工业学院,中国,四川,成都市
成都师范学院,中国,四川,成都市
成都理工大学,中国,四川,成都市
扬州大学,中国,江苏,扬州市
新乡医学院,中国,河南,新乡市
新乡学院,中国,河南,新乡市
新乡工程学院,中国,河南,新乡市
新加坡国立大学,新加坡,新加坡,新加坡
新南威尔士大学,澳大利亚,新南威尔士州,悉尼
新疆农业大学,中国,新疆,乌鲁木齐市
新疆医科大学,中国,新疆,乌鲁木齐市
新疆大学,中国,新疆,乌鲁木齐市
新疆师范大学,中国,新疆,乌鲁木齐市
新疆财经大学,中国,新疆,乌鲁木齐市
昆明学院,中国,云南,昆明市
昆明理工大学,中国,云南,昆明市
昌吉学院,中国,新疆,昌吉市
昭通学院,中国,云南,昭通市
景德镇学院,中国,江西,景德镇市
景德镇陶瓷大学,中国,江西,景德镇市
暨南大学,中国,广东,广州市
曲阜师范大学,中国,山东,曲阜市
曼彻斯特大学,英国,英格兰,曼彻斯特
机械科学研究总院,中国,北京,北京市
机械科学研究总院上海材料研究所,中国,上海,上海市
机械科学研究总院北京机械工业自动化研究所,中国,北京,北京市
机械科学研究院总院北京机电研究所,中国,北京,北京市
杭州师范大学,中国,浙江,杭州市
杭州应用声学研究所,中国,浙江,杭州市
杭州电子科技大学,中国,浙江,杭州市
杭州电子科技大学信息工程学院,中国,浙江,杭州市
核工业北京化工冶金研究院,中国,北京,北京市
核工业学院,中国,北京,北京市
核工业理化工程研究院,中国,天津,天津市
核工业第二研究设计院,中国,北京,北京市
核工业西南物理研究院,中国,四川,成都市
格拉斯哥大学,英国,苏格兰,格拉斯哥
桂林医学院,中国,广西,桂林市
桂林理工大学,中国,广西,桂林市
桂林电子科技大学,中国,广西,桂林市
武昌工学院,中国,湖北,武汉市
武汉大学,中国,湖北,武汉市
武汉工程大学,中国,湖北,武汉市
武汉理工大学,中国,湖北,武汉市
武汉科技大学,中国,湖北,武汉市
武汉第二船舶设计研究所,中国,湖北,武汉市
武汉纺织大学,中国,湖北,武汉市
武汉轻工大学,中国,湖北,武汉市
武汉邮电科学研究院,中国,湖北,武汉市
汕头大学,中国,广东,汕头市
江南大学,中国,江苏,无锡市
江汉大学,中国,湖北,武汉市
江苏大学,中国,江苏,镇江市
江苏师范大学,中国,江苏,徐州市
江苏海洋大学,中国,江苏,连云港市
江苏理工学院,中国,江苏,常州市
江苏科技大学,中国,江苏,镇江市
江苏自动化研究所,中国,江苏,连云港市
江西中医药大学,中国,江西,南昌市
江西农业大学,中国,江西,南昌市
江西师范大学,中国,江西,南昌市
江西理工大学,中国,江西,赣州市
江西科技师范大学,中国,江西,南昌市
江西财经大学,中国,江西,南昌市
沈阳农业大学,中国,辽宁,沈阳市
沈阳化工大学,中国,辽宁,沈阳市
沈阳化工研究院,中国,辽宁,沈阳市
沈阳城市学院,中国,辽宁,沈阳市
沈阳大学,中国,辽宁,沈阳市
沈阳工业大学,中国,辽宁,沈阳市
沈阳工程学院,中国,辽宁,沈阳市
沈阳师范大学,中国,辽宁,沈阳市
沈阳建筑大学,中国,辽宁,沈阳市
沈阳理工大学,中国,辽宁,沈阳市
沈阳航空航天大学,中国,辽宁,沈阳市
沈阳药科大学,中国,辽宁,沈阳市
河北农业大学,中国,河北,保定市
河北地质大学,中国,河北,石家庄市
河北大学,中国,河北,保定市
河北工业大学,中国,天津,天津市
河北工程大学,中国,河北,邯郸市
河北工程技术学院,中国,河北,石家庄市
河北师范大学,中国,河北,石家庄市
河北建筑工程学院,中国,河北,张家口市
河北科技大学,中国,河北,石家庄市
河北科技学院,中国,河北,唐山市
河北经贸大学,中国,河北,石家庄市
河北金融学院,中国,河北,保定市
河南中医药大学,中国,河南,郑州市
河南农业大学,中国,河南,郑州市
河南大学,中国,河南,开封市
河南工业大学,中国,河南,郑州市
河南工程学院,中国,河南,郑州市
河南师范大学,中国,河南,新乡市
河南牧业经济学院,中国,河南,郑州市
河南理工大学,中国,河南,焦作市
河南科技大学,中国,河南,洛阳市
河南科技学院,中国,河南,新乡市
河南财经政法大学,中国,河南,郑州市
河池学院,中国,广西,河池市
河海大学,中国,江苏,南京市
河海大学(常州),中国,江苏,常州市
波士顿大学,美国,马萨诸塞州,波士顿
泰山学院,中国,山东,泰安市
洛阳师范学院,中国,河南,洛阳市
济南大学,中国,山东,济南市
济宁学院,中国,山东,济宁市
浙大城市学院,中国,浙江,杭州市
浙江万里学院,中国,浙江,宁波市
浙江中医药大学,中国,浙江,杭州市
浙江农林大学,中国,浙江,杭州市
浙江外国语学院,中国,浙江,杭州市
浙江大学,中国,浙江,杭州市
浙江工业大学,中国,浙江,杭州市
浙江工商大学,中国,浙江,杭州市
浙江师范大学,中国,浙江,金华市
浙江海洋大学,中国,浙江,舟山市
浙江理工大学,中国,浙江,杭州市
浙江理工大学科技与艺术学院,中国,浙江,绍兴市
浙江科技大学,中国,浙江,杭州市
浙江财经大学,中国,浙江,杭州市
海南大学,中国,海南,海口市
海南师范大学,中国,海南,海口市
淮北师范大学,中国,安徽,淮北市
淮阴工学院,中国,江苏,淮阴市
淮阴师范学院,中国,江苏,淮阴市
深圳北理莫斯科大学,中国,广东,深圳市
深圳大学,中国,广东,深圳市
深圳技术大学,中国,广东,深圳市
清华大学,中国,北京,北京市
清华大学深圳国际研究生院,中国,广东,深圳市
渤海大学,中国,辽宁,锦州市
温州医科大学,中国,浙江,温州市
温州大学,中国,浙江,温州市
湖北中医药大学,中国,湖北,武汉市
湖北大学,中国,湖北,武汉市
湖北工业大学,中国,湖北,武汉市
湖北师范大学,中国,湖北,黄石市
湖北文理学院,中国,湖北,襄阳市
湖北文理学院理工学院,中国,湖北,襄阳市
湖北民族大学,中国,湖北,恩施市
湖北汽车工业学院,中国,湖北,十堰市
湖北汽车工业学院科技学院,中国,湖北,十堰市
湖北理工学院,中国,湖北,黄石市
湖北第二师范学院,中国,湖北,武汉市
湖北经济学院,中国,湖北,武汉市
湖南人文科技学院,中国,湖南,娄底市
湖南农业大学,中国,湖南,长沙市
湖南商学院,中国,湖南,长沙市
湖南城市学院,中国,湖南,益阳市
湖南大学,中国,湖南,长沙市
湖南工业大学,中国,湖南,株洲市
湖南工商大学,中国,湖南,长沙市
湖南工程学院,中国,湖南,湘潭市
湖南师范大学,中国,湖南,长沙市
湖南理工学院,中国,湖南,岳阳市
湖南理工学院南湖学院,中国,湖南,岳阳市
湖南科技大学,中国,湖南,湘潭市
湖南科技学院,中国,湖南,永州市
湖南财政经济学院,中国,湖南,长沙市
湖州师范学院,中国,浙江,湖州市
湘南学院,中国,湖南,郴州市
湘潭大学,中国,湖南,湘潭市
滑铁卢大学,加拿大,安大略省,滑铁卢市
漳州师范学院,中国,福建,漳州市
潍坊学院,中国,山东,潍坊市
澳门城市大学,中国,澳门,澳门特别行政区
澳门大学,中国,澳门,澳门特别行政区
澳门理工大学,中国,澳门,澳门特别行政区
澳门科技大学,中国,澳门,澳门特别行政区
烟台南山学院,中国,山东,烟台市
烟台大学,中国,山东,烟台市
烟台科技学院,中国,山东,烟台市
煤炭科学研究总院,中国,北京,北京市
煤炭科学研究总院(上海分院),中国,上海,上海市
煤炭科学研究总院(北京开采所),中国,北京,北京市
煤炭科学研究总院(抚顺分院),中国,辽宁,抚顺市
煤炭科学研究总院(重庆分院),中国,重庆,重庆市
燕山大学,中国,河北,秦皇岛市
牡丹江师范学院,中国,黑龙江,牡丹江市
甘肃中医药大学,中国,甘肃,兰州市
甘肃农业大学,中国,甘肃,兰州市
甘肃政法大学,中国,甘肃,兰州市
电信科学技术研究院,中国,北京,北京市
电信科学技术研究院(第一研究所),中国,上海,上海市
电信科学技术研究院(第五研究所),中国,四川,成都市
电子科学研究院,中国,北京,北京市
电子科技大学,中国,四川,成都市
电子科技大学中山学院,中国,广东,中山市
皖西学院,中国,安徽,六安市
盐城工学院,中国,江苏,盐城市
石家庄学院,中国,河北,石家庄市
石家庄经济学院,中国,河北,石家庄市
石家庄铁道大学,中国,河北,石家庄市
石河子大学,中国,新疆,石河子市
石油化工科学研究院,中国,北京,北京市
福州大学,中国,福建,福州市
福州大学阳光学院,中国,福建,福州市
福建农林大学,中国,福建,福州市
福建医科大学,中国,福建,福州市
福建工程学院,中国,福建,福州市
福建师范大学,中国,福建,福州市
福建理工大学,中国,福建,福州市
红河学院,中国,云南,红河哈尼族彝族自治州
纽约大学,美国,纽约州,纽约市
绍兴文理学院,中国,浙江,绍兴市
绵阳师范学院,中国,四川,绵阳市
罗蒙诺索夫莫斯科国立大学,罗斯,莫斯科市,莫斯科
罗马大学,意大利,拉齐奥大区,罗马市
聊城大学,中国,山东,聊城市
自然资源部第一海洋研究所,中国,山东,青岛市
自然资源部第二海洋研究所,中国,浙江,杭州市
苏州大学,中国,江苏,苏州市
苏州大学应用技术学院,中国,江苏,苏州市
苏州科技大学,中国,江苏,苏州市
苏州科技大学天平学院,中国,江苏,苏州市
英国华威大学,英国,英格兰,考文垂
荆楚理工学院,中国,湖北,荆门市
莆田学院,中国,福建,莆田市
莫斯科鲍曼国立技术大学,俄罗斯,莫斯科市,莫斯科
蚌埠学院,中国,安徽,蚌埠市
蚌埠工商学院,中国,安徽,蚌埠市
衡阳师范学院,中国,湖南,衡阳市
西交利物浦大学,中国,江苏,苏州市
西京学院,中国,陕西,西安市
西北农林科技大学,中国,陕西,咸阳市
西北大学,中国,陕西,西安市
西北大学(美国),美国,伊利诺伊州,埃文斯顿
西北大学现代学院,中国,陕西,西安市
西北工业大学,中国,陕西,西安市
西北师范大学,中国,甘肃,兰州市
西北政法大学,中国,陕西,西安市
西北民族大学,中国,甘肃,兰州市
西华大学,中国,四川,成都市
西华师范大学,中国,四川,南充市
西南交通大学,中国,四川,成都市
西南大学,中国,重庆,重庆市
西南政法大学,中国,重庆,重庆市
西南林业大学,中国,云南,昆明市
西南民族大学,中国,四川,成都市
西南石油大学,中国,四川,成都市
西南科技大学,中国,四川,绵阳市
西南财经大学,中国,四川,成都市
西安交通大学,中国,陕西,西安市
西安外国语大学,中国,陕西,西安市
西安工业大学,中国,陕西,西安市
西安工业大学北方信息工程学院,中国,陕西,西安市
西安工程大学,中国,陕西,西安市
西安建筑科技大学,中国,陕西,西安市
西安微电子技术研究所(航天771所),中国,陕西,西安市
西安理工大学,中国,陕西,西安市
西安电子科技大学,中国,陕西,西安市
西安电子科技大学杭州研究院,中国,浙江,杭州市
西安石油大学,中国,陕西,西安市
西安科技大学,中国,陕西,西安市
西安财经大学,中国,陕西,西安市
西安邮电大学,中国,陕西,西安市
西昌学院,中国,四川,西昌市
西藏农牧学院,中国,西藏,林芝市
西藏大学,中国,西藏,拉萨市
西藏民族大学,中国,陕西,咸阳市
诺丁汉大学,英国,英格兰,诺丁汉
谢菲尔德大学,英国,英格兰,谢菲尔德
贵州医科大学,中国,贵州,贵阳市
贵州大学,中国,贵州,贵阳市
贵州师范大学,中国,贵州,贵阳市
贵州师范学院,中国,贵州,贵阳市
贵州民族大学,中国,贵州,贵阳市
贵州财经大学,中国,贵州,贵阳市
贵州黔南科技学院,中国,贵州,黔南布依族苗族自治州
贵阳信息科技学院,中国,贵州,贵阳市
贵阳学院,中国,贵州,贵阳市
赣南师范大学,中国,江西,赣州市
赣南科技学院,中国,江西,赣州市
赤峰学院,中国,内蒙古,赤峰市
辽宁中医药大学,中国,辽宁,沈阳市
辽宁大学,中国,辽宁,沈阳市
辽宁工业大学,中国,辽宁,锦州市
辽宁工程技术大学,中国,辽宁,阜新市
辽宁师范大学,中国,辽宁,大连市
辽宁石油化工大学,中国,辽宁,抚顺市
辽宁科技大学,中国,辽宁,鞍山市
达姆施塔特工业大学,德国,黑森州,达姆施塔特
运城学院,中国,山西,运城市
遵义师范学院,中国,贵州,遵义市
邵阳学院,中国,湖南,邵阳市
郑州升达经贸管理学院,中国,河南,郑州市
郑州大学,中国,河南,郑州市
郑州机械研究所有限公司,中国,河南,郑州市
郑州航空工业管理学院,中国,河南,郑州市
郑州轻工业大学,中国,河南,郑州市
重庆三峡学院,中国,重庆,重庆市
重庆交通大学,中国,重庆,重庆市
重庆医科大学,中国,重庆,重庆市
重庆地质灾害防治工程技术研究中心,中国,重庆,重庆市
重庆城市科技学院,中国,重庆,重庆市
重庆大学,中国,重庆,重庆市
重庆工商大学,中国,重庆,重庆市
重庆师范大学,中国,重庆,重庆市
重庆文理学院,中国,重庆,重庆市
重庆理工大学,中国,重庆,重庆市
重庆科技大学,中国,重庆,重庆市
重庆通信学院,中国,重庆,重庆市
重庆邮电大学,中国,重庆,重庆市
金陵科技学院,中国,江苏,南京市
钢铁研究总院,中国,北京,北京市
铜仁学院,中国,贵州,铜仁市
长冈技术科学大学,日本,新潟县,长冈市
长安大学,中国,陕西,西安市
长春大学,中国,吉林,长春市
长春工业大学,中国,吉林,长春市
长春工程学院,中国,吉林,长春市
长春师范大学,中国,吉林,长春市
长春理工大学,中国,吉林,长春市
长江大学,中国,湖北,荆州市
长沙理工大学,中国,湖南,长沙市
闽南师范大学,中国,福建,漳州市
阜阳师范大学,中国,安徽,阜阳市
防灾科技学院,中国,河北,廊坊市
陕西师范大学,中国,陕西,西安市
陕西理工大学,中国,陕西,汉中市
陕西科技大学,中国,陕西,西安市
陕西科技大学镐京学院,中国,陕西,西安市
集美大学,中国,福建,厦门市
霍特国际商学院,美国,马萨诸塞州,波士顿
青岛农业大学,中国,山东,青岛市
青岛大学,中国,山东,青岛市
青岛工学院,中国,山东,青岛市
青岛理工大学,中国,山东,青岛市
青岛科技大学,中国,山东,青岛市
青海大学,中国,青海,西宁市
青海师范大学,中国,青海,西宁市
青海民族大学,中国,青海,西宁市
鞍山师范学院,中国,辽宁,鞍山市
首都师范大学,中国,北京,北京市
首都经济贸易大学,中国,北京,北京市
首都经贸大学,中国,北京,北京市
香港中文大学,中国,香港,香港特别行政区
香港中文大学(深圳),中国,广东,深圳市
香港城市大学,中国,香港,香港特别行政区
香港城市大学(东莞),中国,广东,东莞市
香港大学,中国,香港,香港特别行政区
香港理工大学,中国,香港,香港特别行政区
香港科技大学,中国,香港,香港特别行政区
香港科技大学(广州),中国,广东,广州市
鲁东大学,中国,山东,烟台市
黄冈师范学院,中国,湖北,黄冈市
黄山学院,中国,安徽,黄山市
黄淮学院,中国,河南,驻马店市
黑龙江八一农垦大学,中国,黑龙江,大庆市
黑龙江大学,中国,黑龙江,哈尔滨市
黑龙江工程学院,中国,黑龙江,哈尔滨市
黑龙江科技大学,中国,黑龙江,哈尔滨市
黔南民族师范学院,中国,贵州,黔南布依族苗族自治州
齐鲁工业大学,中国,山东,济南市
齐齐哈尔大学,中国,黑龙江,齐齐哈尔市
